NGDAID,NGDA_Theme,NGDA Title,Data.gov Link,GeoPlatform.gov Link,Dept/Agcy Abbr,Department,Agency,ObjectId
196,Address,National Address Database (NAD),https://catalog.data.gov/dataset/national-address-database-nad2,https://www.geoplatform.gov/metadata/43f21bdd-8df8-4e4f-9f02-37610193f2cc,DOT,U.S. Department of Transportation,DTBS,1
2,Biodiversity and Ecosystems,Environmental Sensitivity Index (ESI) Data Viewer and Data Services for Atlases,https://catalog.data.gov/dataset/environmental-sensitivity-index-esi-data-viewer-and-data-services-for-atlases1,https://www.geoplatform.gov/metadata/824ef06d-12b8-49e3-8b7c-5b3005c4a6cf,DOC-NOAA,U.S. Department of Commerce,National Oceanic and Atmospheric Administration,2
3,Biodiversity and Ecosystems,FWS Critical Habitat for Threatened and Endangered Species Dataset,https://catalog.data.gov/dataset/fws-critical-habitat-for-threatened-and-endangered-species-dataset,https://www.geoplatform.gov/metadata/b92c40a6-2def-4e70-a5b7-87b590c0f163,DOI-FWS,U.S. Department of the Interior,U.S. Fish and Wildlife Service,3
5,Biodiversity and Ecosystems,U.S. Geological Survey - Gap Analysis Project Species Habitat Maps CONUS_2001,https://catalog.data.gov/dataset/u-s-geological-survey-gap-analysis-project-species-habitat-maps-conus-2001,https://www.geoplatform.gov/metadata/c70e35c9-fc4f-4b3e-9605-b3641d9151a5,DOI-USGS,U.S. Department of the Interior,U.S. Geological Survey,4
6,Biodiversity and Ecosystems,U.S. Geological Survey - Gap Analysis Project Species Range Maps CONUS_2001,https://catalog.data.gov/dataset/u-s-geological-survey-gap-analysis-project-species-range-maps-conus-2001,https://www.geoplatform.gov/metadata/1aac15c8-ad23-4948-8c8b-1f7a4de19a89,DOI-USGS,U.S. Department of the Interior,U.S. Geological Survey,5
7,Biodiversity and Ecosystems,Omernik's Level III Ecoregions Of The Conterminous United States,https://catalog.data.gov/dataset/omerniks-level-iii-ecoregions-of-the-conterminous-united-states11,https://www.geoplatform.gov/metadata/049a2783-2fed-412c-a359-516d3e20082e,USEPA,U.S. Environmental Protection Agency,,6
197,Biodiversity and Ecosystems,GAP/LANDFIRE National Terrestrial Ecosystems 2011,https://catalog.data.gov/dataset/gap-landfire-national-terrestrial-ecosystems-2011,https://www.geoplatform.gov/metadata/b689de8d-8bdd-4323-965c-bd86e7b8a5cb,DOI-USGS,U.S. Department of the Interior,U.S. Geological Survey,7
198,Biodiversity and Ecosystems,World Terrestrial Ecosystems (WTE) 2020,https://catalog.data.gov/dataset/world-terrestrial-ecosystems-wte-2020,https://www.geoplatform.gov/metadata/cb0ca522-c676-4db8-aa10-6ba67f2c3a90,DOI-USGS,U.S. Department of the Interior,U.S. Geological Survey,8
10,Cadastre,BLM National PLSS Public Land Survey System Polygons,https://catalog.data.gov/dataset/blm-natl-plss-public-land-survey-system-polygons-national-geospatial-data-asset-ngda,https://www.geoplatform.gov/metadata/cc803611-7002-495f-ad99-36df3e2b2d8e,DOI-BLM,U.S. Department of the Interior,Bureau of Land Management,9
13,Cadastre,FS National Forest Dataset (US Forest Service Proclaimed Forests),https://catalog.data.gov/dataset/fs-national-forests-dataset-us-forest-service-proclaimed-forests-2c16c,https://www.geoplatform.gov/metadata/d0495656-297d-4b0a-9bc1-271f7e5b60ab,USDA-USFS,U.S. Department of Agriculture,U.S. Forest Service,10
14,Cadastre,U.S. Fish and Wildlife Service National Realty Tracts,https://catalog.data.gov/dataset/u-s-fish-and-wildlife-service-national-realty-tracts,https://www.geoplatform.gov/metadata/6679d80f-0792-401b-8571-e7d49b6e381f,DOI-FWS,U.S. Department of the Interior,U.S. Fish and Wildlife Service,11
16,Cadastre,Administrative Boundaries of National Park System Units - National Geospatial Data Asset (NGDA) NPS National Parks Dataset,https://catalog.data.gov/dataset/administrative-boundaries-of-national-park-system-units-national-geospatial-data-asset-ngd-a4761,https://www.geoplatform.gov/metadata/8eed9de6-d897-4b38-b61d-e496920156e5,DOI-NPS,U.S. Department of the Interior,National Park Service,12
17,Cadastre,Outer Continental Shelf Active Renewable Energy Leases,https://catalog.data.gov/dataset/outer-continental-shelf-active-renewable-energy-leases,https://www.geoplatform.gov/metadata/dcb6fd8a-2c68-4978-9809-e6f6edc26c00,DOI-BOEM,U.S. Department of the Interior,Bureau of Ocean Energy Management,13
27,Cadastre,Protected Areas Database of the United States (PAD-US),https://catalog.data.gov/dataset/protected-areas-database-of-the-united-states-pad-us,https://www.geoplatform.gov/metadata/8a70d2d9-67a0-44a1-8d41-b50dcc61d12d,DOI-USGS,U.S. Department of the Interior,U.S. Geological Survey,14
51,Cadastre,OCS Marine Minerals Lease Area,https://catalog.data.gov/dataset/ocs-marine-minerals-lease-areas,https://www.geoplatform.gov/metadata/70fbc57a-ee9c-4978-8044-658f616eb09c,DOI-BOEM,U.S. Department of the Interior,Bureau of Ocean Energy Management,15
188,Cadastre,BLM National SMA Surface Management Agency Area Polygons ,https://catalog.data.gov/dataset/blm-natl-sma-surface-management-agency-area-polygons-national-geospatial-data-asset-ngda,https://www.geoplatform.gov/metadata/f0e9611d-abc7-4fab-a514-24e14e1bf7b1,DOI-BLM,U.S. Department of the Interior,Bureau of Land Management,16
205,Cadastre,BOEM Offshore Marine Cadastre Data Collection,https://catalog.data.gov/dataset/boem-omc-data-collection,,DOI-BOEM,U.S. Department of the Interior,Bureau of Ocean Energy Management,17
28,Climate and Weather,NOAA Geostationary Operational Environmental Satellite (GOES) I-M and N-P Series Imager Data,https://catalog.data.gov/dataset/noaa-geostationary-operational-environmental-satellite-goes-i-m-and-n-p-series-imager-data2,https://www.geoplatform.gov/metadata/f831cab8-cc54-4e83-b38c-c26768551623,DOC-NOAA,U.S. Department of Commerce,National Oceanic and Atmospheric Administration,18
29,Climate and Weather,NOAA High-Resolution Sea Surface Temperature (SST) Analysis Products,https://catalog.data.gov/dataset/noaa-high-resolution-sea-surface-temperature-sst-analysis-products1,https://www.geoplatform.gov/metadata/1076f813-0288-4d17-96b9-fc7ad4ef68aa,DOC-NOAA,U.S. Department of Commerce,National Oceanic and Atmospheric Administration,19
30,Climate and Weather,NOAA NEXt-Generation RADar (NEXRAD) Products,https://catalog.data.gov/dataset/noaa-next-generation-radar-nexrad-products2,https://www.geoplatform.gov/metadata/fd4711c3-51a4-40a4-9d8e-dc8b095c5943,DOC-NOAA,U.S. Department of Commerce,National Oceanic and Atmospheric Administration,20
32,Climate and Weather,NOAA Polar-orbiting Operational Environmental Satellites (POES) Radiometer Data,https://catalog.data.gov/dataset/noaa-polar-orbiting-operational-environmental-satellites-poes-radiometer-data4,https://www.geoplatform.gov/metadata/b32a3ae7-3d75-4395-a7c2-c1dbffbd600b,DOC-NOAA,U.S. Department of Commerce,National Oceanic and Atmospheric Administration,21
34,Cultural Resources,Geographic Names Information System (GNIS) - USGS National Map Downloadable Data Collection,https://catalog.data.gov/dataset/geographic-names-information-system-gnis-usgs-national-map-downloadable-data-collection,https://www.geoplatform.gov/metadata/8483714e-6a30-4c9c-8022-6116a6159882,DOI-USGS,U.S. Department of the Interior,U.S. Geological Survey,22
36,Cultural Resources,National Register of Historic Places,https://catalog.data.gov/dataset/national-register-of-historic-places-7eebd,https://www.geoplatform.gov/metadata/003a6d60-65f3-40b9-bc52-730797210eee,DOI-NPS,U.S. Department of the Interior,National Park Service,23
201,Cultural Resources,Geographic Names Server (GNS),https://catalog.data.gov/dataset/geographic-names-server-gns1,https://www.geoplatform.gov/metadata/c9c2e95f-2eb2-4f65-86e5-4a85f7e18303,NGA,U.S. Department of Defense,National Geospatial Intelligence Agency,24
37,Elevation,"U.S. Coastal Lidar Elevation Data - Including The Great Lakes And Territories, 1996 - Present",https://catalog.data.gov/dataset/u-s-coastal-lidar-elevation-data-including-the-great-lakes-and-territories-1996-present,https://www.geoplatform.gov/metadata/15c165cc-63a1-4902-a81d-c0932a9441ee,DOC-NOAA,U.S. Department of Commerce,National Oceanic and Atmospheric Administration,25
39,Elevation,Global Multi-Resolution Terrain Elevation Data - National Geospatial Data Asset (NGDA),https://catalog.data.gov/dataset/gmted2010-global-multi-resolution-terrain-elevation-data-released-2010,https://www.geoplatform.gov/metadata/c9fcc519-9b93-4d84-992e-9e2b2bbb24ef,DOI-USGS,U.S. Department of the Interior,U.S. Geological Survey,26
40,Elevation,Lidar Point Cloud - USGS National Map 3DEP Downloadable Data Collection,https://catalog.data.gov/dataset/lidar-point-cloud-usgs-national-map-3dep-downloadable-data-collection,https://www.geoplatform.gov/metadata/a1daf58b-3955-4b99-a8f0-ab57a3d34860,DOI-USGS,U.S. Department of the Interior,U.S. Geological Survey,27
41,Elevation,MultiBeam Bathymetry Database (MBBDB),https://catalog.data.gov/dataset/multibeam-bathymetry-database-mbbdb2,https://www.geoplatform.gov/metadata/b5e53769-f8c6-48c4-b8c2-0b8f58700811,DOC-NOAA,U.S. Department of Commerce,National Oceanic and Atmospheric Administration,28
42,Elevation,1/3rd arc-second Digital Elevation Models (DEMs) - USGS National Map 3DEP Downloadable Data Collection,https://catalog.data.gov/dataset/1-3rd-arc-second-digital-elevation-models-dems-usgs-national-map-3dep-downloadable-data-co,https://www.geoplatform.gov/metadata/fa455b8a-6bcc-479e-90c8-4adf13b1a8f9,DOI-USGS,U.S. Department of the Interior,U.S. Geological Survey,29
43,Elevation,National Flood Hazard Layer (NFHL),https://catalog.data.gov/dataset/national-flood-hazard-layer,https://www.geoplatform.gov/metadata/4212cbb7-d623-596b-9844-f1bfef7a7819,DHS-FEMA,U.S. Department of Homeland Security,Federal Emergency Management Agency,30
44,Elevation,Marine Trackline Geophysical Database,https://catalog.data.gov/dataset/marine-trackline-geophysical-database2,https://www.geoplatform.gov/metadata/8bde391e-8bd3-4dbc-8ec0-b332b9301cd6,DOC-NOAA,U.S. Department of Commerce,National Oceanic and Atmospheric Administration,31
45,Elevation,NOS Hydrographic Surveys Collection,https://catalog.data.gov/dataset/nos-hydrographic-surveys-collection2,https://www.geoplatform.gov/metadata/8cabd7ca-d851-4f47-b9bf-406ef5d20a54,DOC-NOAA,U.S. Department of Commerce,National Oceanic and Atmospheric Administration,32
46,Elevation,Shuttle Radar Topography Mission 1 Arc-Second Digital Terrain Elevation Data - Global - National Geospatial Data Asset (NGDA),https://catalog.data.gov/dataset/shuttle-radar-topography-mission-1-arc-second-digital-terrain-elevation-data-global-nation,https://www.geoplatform.gov/metadata/fbc175de-5b9c-406d-82bf-d073f9d75a9c,DOI-USGS,U.S. Department of the Interior,U.S. Geological Survey,33
184,Elevation,1 meter Digital Elevation Models (DEMs) - USGS National Map 3DEP Downloadable Data Collection,https://catalog.data.gov/dataset/1-meter-digital-elevation-models-dems-usgs-national-map-3dep-downloadable-data-collection,https://www.geoplatform.gov/metadata/72e73460-d16d-4e1c-bd4a-16364ef9b57d,DOI-USGS,U.S. Department of the Interior,U.S. Geological Survey,34
185,Elevation,5 Meter Alaska Digital Elevation Models (DEMs) - USGS National Map 3DEP Downloadable Data Collection,https://catalog.data.gov/dataset/5-meter-alaska-digital-elevation-models-dems-usgs-national-map-3dep-downloadable-data-coll,https://www.geoplatform.gov/metadata/96bf911b-ebef-4759-a4c8-c48b7d29474e,DOI-USGS,U.S. Department of the Interior,U.S. Geological Survey,35
199,Elevation,Continuously Updated Digital Elevation Model (CUDEM) - 1/9 Arc-Second Resolution Bathymetric-Topographic Tiles,https://catalog.data.gov/dataset/continuously-updated-digital-elevation-model-cudem-1-9-arc-second-resolution-bathymetric-topogr4,https://www.geoplatform.gov/metadata/7135827e-3574-4428-8de2-c7dc4184e406,DOC-NOAA,U.S. Department of Commerce,National Oceanic and Atmospheric Administration,36
200,Elevation,Continuously Updated Digital Elevation Model (CUDEM) - 1/3 Arc-Second Resolution Bathymetric-Topographic Tiles,https://catalog.data.gov/dataset/continuously-updated-digital-elevation-model-cudem-1-3-arc-second-resolution-bathymetric-topogr3,https://www.geoplatform.gov/metadata/650f0875-46d1-4b5b-9895-674f90e92a94,DOC-NOAA,U.S. Department of Commerce,National Oceanic and Atmospheric Administration,37
47,Geodetic Control,Airborne Gravity Data - Gravity for the Redefinition of the American Vertical Datum (GRAV-D),https://catalog.data.gov/dataset/airborne-gravity-data-gravity-for-the-redefinition-of-the-american-vertical-datum-grav-d1,https://www.geoplatform.gov/metadata/94bbd7a8-2de0-4d8f-8181-dca6c9648404,DOC-NOAA,U.S. Department of Commerce,National Oceanic and Atmospheric Administration,38
48,Geodetic Control,National Geospatial Data Asset (NGDA) NOAA Continuously Operating Reference Stations (CORS) Network,https://catalog.data.gov/dataset/national-geospatial-data-asset-ngda-noaa-continuously-operating-reference-stations-cors-network1,https://www.geoplatform.gov/metadata/3a5af895-ec39-4e38-b7ff-15fd3b7dc04f,DOC-NOAA,U.S. Department of Commerce,National Oceanic and Atmospheric Administration,39
49,Geodetic Control,Geodetic Control Information on Passive Marks: Horizontal and Vertical Geodetic Control Data for the United States - National Geospatial Data Asset (NGDA) Geodetic Control Information on Passive Marks,https://catalog.data.gov/dataset/geodetic-control-information-on-passive-marks-horizontal-and-vertical-geodetic-control-data-for2,https://www.geoplatform.gov/metadata/9f6669a1-2088-4c32-a42b-9e0ae167eeae,DOC-NOAA,U.S. Department of Commerce,National Oceanic and Atmospheric Administration,40
50,Geodetic Control,Geoid Height and Deflections of the Vertical Models - National Geospatial Data Asset (NGDA) Geoid Models,https://catalog.data.gov/dataset/geoid-height-and-deflections-of-the-vertical-models-national-geospatial-data-asset-ngda-geoid-m1,https://www.geoplatform.gov/metadata/b3353843-ed60-4729-bf04-c5f8764190fd,DOC-NOAA,U.S. Department of Commerce,National Oceanic and Atmospheric Administration,41
52,Geology,USGS National Geologic Map Database Collection,https://catalog.data.gov/dataset/usgs-national-geologic-map-database-collection,https://www.geoplatform.gov/metadata/6386c825-3f4e-4c27-ba95-e1dd5dc45b26,DOI-USGS,U.S. Department of the Interior,U.S. Geological Survey,42
56,Geology,BOEM Seismic Water Bottom Anomalies - Gulf of Mexico - Gulf of Mexico NAD27,https://catalog.data.gov/dataset/boem-seismic-water-bottom-anomalies-gulf-of-mexico-gulf-of-mexico-nad27-70fda,https://www.geoplatform.gov/metadata/3826eda4-8fa9-4adc-8064-cd929651c63e,DOI-BOEM,U.S. Department of the Interior,Bureau of Ocean Energy Management,43
57,"Governmental Units, and Administrative and Statistical Boundaries","Series Information for 118th Congressional District State-based TIGER/Line Shapefiles, Current ",https://catalog.data.gov/dataset/series-information-for-118th-congressional-district-national-tiger-line-shapefiles-current,https://www.geoplatform.gov/metadata/83236815-84a4-425e-be19-51dee2f5083d,DOC-Census,U.S. Department of Commerce,U.S. Census Bureau,44
58,"Governmental Units, and Administrative and Statistical Boundaries","Series Information for 2020 Census 5-Digit ZIP Code Tabulation Area (ZCTA5) National TIGER/Line Shapefiles, Current",https://catalog.data.gov/dataset/series-information-for-2020-census-5-digit-zip-code-tabulation-area-zcta5-national-tiger-line-s,https://www.geoplatform.gov/metadata/a6fbf798-67f5-4a74-984f-e4374938d994,DOC-Census,U.S. Department of Commerce,U.S. Census Bureau,45
60,"Governmental Units, and Administrative and Statistical Boundaries","Series Information for 2020 Census Public Use Microdata Area (PUMA) State-based TIGER/Line Shapefiles, Current",https://catalog.data.gov/dataset/series-information-for-2020-census-public-use-microdata-area-puma-state-based-tiger-line-shapef,https://www.geoplatform.gov/metadata/dda27957-5a99-4ad4-8c74-f556eb0fb5c1,DOC-Census,U.S. Department of Commerce,U.S. Census Bureau,46
61,"Governmental Units, and Administrative and Statistical Boundaries","Series Information for 2020 Census Urban Area National TIGER/Line Shapefiles, Current",https://catalog.data.gov/dataset/series-information-for-2020-census-urban-area-national-tiger-line-shapefiles-current,https://www.geoplatform.gov/metadata/2fd20ddc-8cf5-46b2-b25a-e7c12761cf19,DOC-Census,U.S. Department of Commerce,U.S. Census Bureau,47
62,"Governmental Units, and Administrative and Statistical Boundaries","Series Information for 2020 Census Urban Growth Area (UGA) State-based TIGER/Line Shapefiles, Current",https://catalog.data.gov/dataset/series-information-for-2020-census-urban-growth-area-uga-state-based-tiger-line-shapefiles-curr,https://www.geoplatform.gov/metadata/982269c2-9396-40d1-bf0c-86079f46fc2b,DOC-Census,U.S. Department of Commerce,U.S. Census Bureau,48
63,"Governmental Units, and Administrative and Statistical Boundaries","Series Information for 2020 Census Voting District (VTD) State-based TIGER/Line Shapefiles, Current",https://catalog.data.gov/dataset/series-information-for-2020-census-voting-district-vtd-state-based-tiger-line-shapefiles-curren,https://www.geoplatform.gov/metadata/da0257b8-2694-4e40-9171-cc798dcd6199,DOC-Census,U.S. Department of Commerce,U.S. Census Bureau,49
64,"Governmental Units, and Administrative and Statistical Boundaries","Series Information for American Indian/Alaska Native/Native Hawaiian Areas (AIANNH) National TIGER/Line Shapefiles, Current",https://catalog.data.gov/dataset/series-information-for-american-indian-alaska-native-native-hawaiian-areas-aiannh-national-tige,https://www.geoplatform.gov/metadata/bfffffdd-f583-4a20-aee2-20536dec6953,DOC-Census,U.S. Department of Commerce,U.S. Census Bureau,50
65,"Governmental Units, and Administrative and Statistical Boundaries","Series Information for American Indian Tribal Subdivision (AITS) National TIGER/Line Shapefiles, Current",https://catalog.data.gov/dataset/series-information-for-american-indian-tribal-subdivision-aits-national-tiger-line-shapefiles-c,https://www.geoplatform.gov/metadata/581caad7-ff33-41ad-b65c-a9b294602a53,DOC-Census,U.S. Department of Commerce,U.S. Census Bureau,51
66,"Governmental Units, and Administrative and Statistical Boundaries","Series Information for Alaska Native Regional Corporation (ANRC) State-based TIGER/Line Shapefiles, Current",https://catalog.data.gov/dataset/series-information-for-alaska-native-regional-corporation-anrc-state-based-tiger-line-shapefile,https://www.geoplatform.gov/metadata/91f8fb21-30d0-4872-93ab-8b38b9e3d6af,DOC-Census,U.S. Department of Commerce,U.S. Census Bureau,52
69,"Governmental Units, and Administrative and Statistical Boundaries","Series Information for 2020 Census Block State-based TIGER/Line Shapefiles, Current",https://catalog.data.gov/dataset/series-information-for-2020-census-block-state-based-tiger-line-shapefiles-current,https://www.geoplatform.gov/metadata/9ef96665-09f8-4010-a686-d06fa044176f,DOC-Census,U.S. Department of Commerce,U.S. Census Bureau,53
70,"Governmental Units, and Administrative and Statistical Boundaries","Series Information for Block Group State-based TIGER/Line Shapefiles, Current",https://catalog.data.gov/dataset/series-information-for-block-group-state-based-tiger-line-shapefiles-current,https://www.geoplatform.gov/metadata/56c855b7-a040-4c7a-aa47-3f818c36d0c1,DOC-Census,U.S. Department of Commerce,U.S. Census Bureau,54
72,"Governmental Units, and Administrative and Statistical Boundaries","Series Information for Census Tract State-based TIGER/Line Shapefiles, Current",https://catalog.data.gov/dataset/series-information-for-census-tract-state-based-tiger-line-shapefiles-current,https://www.geoplatform.gov/metadata/23b77577-02d2-4c61-8599-6fdbe65fd6ea,DOC-Census,U.S. Department of Commerce,U.S. Census Bureau,55
74,"Governmental Units, and Administrative and Statistical Boundaries","Series Information for Combined Statistical Area (CSA) National TIGER/Line Shapefiles, Current",https://catalog.data.gov/dataset/series-information-for-combined-statistical-area-csa-national-tiger-line-shapefiles-current,https://www.geoplatform.gov/metadata/f8a99702-bc42-4708-a325-d6d39fa10b0f,DOC-Census,U.S. Department of Commerce,U.S. Census Bureau,56
75,"Governmental Units, and Administrative and Statistical Boundaries","Series Information for Consolidated City State-based TIGER/Line Shapefiles, Current",https://catalog.data.gov/dataset/series-information-for-consolidated-city-state-based-tiger-line-shapefiles-current,https://www.geoplatform.gov/metadata/fa8ee48f-2118-44c6-a667-8a65878901f5,DOC-Census,U.S. Department of Commerce,U.S. Census Bureau,57
76,"Governmental Units, and Administrative and Statistical Boundaries","Series Information for County and Equivalent Entities National TIGER/Line Shapefiles, Current",https://catalog.data.gov/dataset/series-information-for-county-and-equivalent-entities-national-tiger-line-shapefiles-current,https://www.geoplatform.gov/metadata/55d9af0d-e1ac-4e1c-92ad-0384734b3fc4,DOC-Census,U.S. Department of Commerce,U.S. Census Bureau,58
77,"Governmental Units, and Administrative and Statistical Boundaries","Series Information for County Subdivision State-based TIGER/Line Shapefiles, Current",https://catalog.data.gov/dataset/series-information-for-county-subdivision-state-based-tiger-line-shapefiles-current,https://www.geoplatform.gov/metadata/58e4243f-98d0-4ec7-b56c-42b3f4e146b9,DOC-Census,U.S. Department of Commerce,U.S. Census Bureau,59
78,"Governmental Units, and Administrative and Statistical Boundaries","Series Information for Elementary School Districts State-based TIGER/Line Shapefiles, Current",https://catalog.data.gov/dataset/series-information-for-elementary-school-districts-state-based-tiger-line-shapefiles-current,https://www.geoplatform.gov/metadata/9725ae12-ef28-4965-b642-83083d7c16af,DOC-Census,U.S. Department of Commerce,U.S. Census Bureau,60
80,"Governmental Units, and Administrative and Statistical Boundaries","Series Information for Estate State-based TIGER/Line Shapefiles, Current",https://catalog.data.gov/dataset/series-information-for-estate-state-based-tiger-line-shapefiles-current,https://www.geoplatform.gov/metadata/0ca80fc5-ee7b-421a-9861-0c64539d41c5,DOC-Census,U.S. Department of Commerce,U.S. Census Bureau,61
81,"Governmental Units, and Administrative and Statistical Boundaries",HUD Entitlement Grantee Jurisdiction - National Geospatial Data Asset (NGDA),https://catalog.data.gov/dataset/hud-entitlement-grantee-jurisdiction-national-geospatial-data-asset-ngda,https://geoplatform.maps.arcgis.com/sharing/rest/content/items/54a52cd2695b4e92acb218e68b3a5bb6/data,HUD,U.S.Department of Housing and Urban Development,,62
83,"Governmental Units, and Administrative and Statistical Boundaries","Series Information for Metropolitan Division National TIGER/Line Shapefiles, Current",https://catalog.data.gov/dataset/series-information-for-metropolitan-division-national-tiger-line-shapefiles-current,https://www.geoplatform.gov/metadata/1f2e4dbb-fd82-4a1f-ba31-391b810112bd,DOC-Census,U.S. Department of Commerce,U.S. Census Bureau,63
84,"Governmental Units, and Administrative and Statistical Boundaries","Series Information for Core-Based Statistical Areas National TIGER/Line Shapefiles, Current",https://catalog.data.gov/dataset/series-information-for-core-based-statistical-areas-national-tiger-line-shapefiles-current,https://www.geoplatform.gov/metadata/2c9d4a52-284a-4e49-874c-2928f08b3ff1,DOC-Census,U.S. Department of Commerce,U.S. Census Bureau,64
88,"Governmental Units, and Administrative and Statistical Boundaries","Series Information for Place State-based TIGER/Line Shapefiles, Current",https://catalog.data.gov/dataset/series-information-for-place-state-based-tiger-line-shapefiles-current,https://www.geoplatform.gov/metadata/932d8ec8-2074-4a3e-b6fc-776b95281065,DOC-Census,U.S. Department of Commerce,U.S. Census Bureau,65
89,"Governmental Units, and Administrative and Statistical Boundaries","Series Information for Secondary School Districts State-based TIGER/Line Shapefiles, Current",https://catalog.data.gov/dataset/series-information-for-secondary-school-districts-state-based-tiger-line-shapefiles-current,https://www.geoplatform.gov/metadata/dfa6e7c0-f587-4da1-98f8-effef45085f1,DOC-Census,U.S. Department of Commerce,U.S. Census Bureau,66
90,"Governmental Units, and Administrative and Statistical Boundaries","Series Information for State and Equivalent Entities National TIGER/Line Shapefiles, Current",https://catalog.data.gov/dataset/series-information-for-state-and-equivalent-entities-national-tiger-line-shapefiles-current,https://www.geoplatform.gov/metadata/181f8c2c-bc37-4845-959a-1402e8a422b5,DOC-Census,U.S. Department of Commerce,U.S. Census Bureau,67
91,"Governmental Units, and Administrative and Statistical Boundaries","Series Information for State Legislative District (SLD) Lower Chamber State-based TIGER/Line Shapefiles, Current",https://catalog.data.gov/dataset/series-information-for-state-legislative-district-sld-lower-chamber-state-based-tiger-line-shap,https://www.geoplatform.gov/metadata/20956ad8-133e-41b7-869f-09e3697cb7d4,DOC-Census,U.S. Department of Commerce,U.S. Census Bureau,68
92,"Governmental Units, and Administrative and Statistical Boundaries","Series Information for State Legislative District (SLD) Upper Chamber State-based TIGER/Line Shapefiles, Current",https://catalog.data.gov/dataset/series-information-for-state-legislative-district-sld-upper-chamber-state-based-tiger-line-shap,https://www.geoplatform.gov/metadata/874bf99a-7881-45f7-9e41-d524fc6ceab7,DOC-Census,U.S. Department of Commerce,U.S. Census Bureau,69
93,"Governmental Units, and Administrative and Statistical Boundaries","Series Information for Subbarrio (Subminor Civil Division) State-based TIGER/Line Shapefiles, Current",https://catalog.data.gov/dataset/series-information-for-subbarrio-subminor-civil-division-state-based-tiger-line-shapefiles-curr,https://www.geoplatform.gov/metadata/d7a62c09-2eb4-4a7d-bb49-0ad525172cad,DOC-Census,U.S. Department of Commerce,U.S. Census Bureau,70
94,"Governmental Units, and Administrative and Statistical Boundaries","Series Information for Tribal Block Group National TIGER/Line Shapefiles, Current",https://catalog.data.gov/dataset/series-information-for-tribal-block-group-national-tiger-line-shapefiles-current,https://www.geoplatform.gov/metadata/b38b82e0-9370-49c2-92f9-b4f00bf92373,DOC-Census,U.S. Department of Commerce,U.S. Census Bureau,71
95,"Governmental Units, and Administrative and Statistical Boundaries","Series Information for Tribal Census Tract National TIGER/Line Shapefiles, Current",https://catalog.data.gov/dataset/series-information-for-tribal-census-tract-national-tiger-line-shapefiles-current,https://www.geoplatform.gov/metadata/75bdcdd3-3b9c-4247-9146-55db46090aba,DOC-Census,U.S. Department of Commerce,U.S. Census Bureau,72
96,"Governmental Units, and Administrative and Statistical Boundaries","Series Information for Unified School Districts State-based TIGER/Line Shapefiles, Current",https://catalog.data.gov/dataset/series-information-for-unified-school-districts-state-based-tiger-line-shapefiles-current,https://www.geoplatform.gov/metadata/aaedc808-a3b3-460f-ae85-69e7acc3986b,DOC-Census,U.S. Department of Commerce,U.S. Census Bureau,73
186,"Governmental Units, and Administrative and Statistical Boundaries",BLM National ADMU Administrative Unit Boundary Polygons and Office Points,https://catalog.data.gov/dataset/blm-natl-admu-administrative-unit-boundary-polygons-and-office-points-national-geospatial-,https://www.geoplatform.gov/metadata/885b11f4-c875-48ff-80cd-20483d4b53ce,DOI-BLM,U.S. Department of the Interior,Bureau of Land Management,74
202,"Governmental Units, and Administrative and Statistical Boundaries","Series Information for School District Administrative Areas (SDADM) State-based TIGER/Line Shapefiles, Current",https://catalog.data.gov/dataset/series-information-for-school-district-administrative-areas-sdadm-state-based-tiger-line-shapef,https://www.geoplatform.gov/metadata/8ec417cb-96d5-4a5d-b491-1771b34d868f,DOC-Census,U.S. Department of Commerce,U.S. Census Bureau,75
98,Imagery,Advanced Spaceborne Thermal Emission and Reflection Radiometer (ASTER),https://geoplatform.maps.arcgis.com/sharing/rest/content/items/54a52cd2695b4e92acb218e68b3a5bb6/data,https://geoplatform.maps.arcgis.com/sharing/rest/content/items/54a52cd2695b4e92acb218e68b3a5bb6/data,NASA,National Aeronautics and Space Administration,,76
99,Imagery,Moderate Resolution Imaging Spectroradiometer (MODIS) - Aqua,https://geoplatform.maps.arcgis.com/sharing/rest/content/items/54a52cd2695b4e92acb218e68b3a5bb6/data,https://geoplatform.maps.arcgis.com/sharing/rest/content/items/54a52cd2695b4e92acb218e68b3a5bb6/data,NASA,National Aeronautics and Space Administration,,77
100,Imagery,Moderate Resolution Imaging Spectroradiometer (MODIS) - Terra,https://geoplatform.maps.arcgis.com/sharing/rest/content/items/54a52cd2695b4e92acb218e68b3a5bb6/data,https://geoplatform.maps.arcgis.com/sharing/rest/content/items/54a52cd2695b4e92acb218e68b3a5bb6/data,NASA,National Aeronautics and Space Administration,,78
101,Imagery,NOAA Coastal Mapping Remote Sensing Data,https://catalog.data.gov/dataset/noaa-coastal-mapping-remote-sensing-data,https://www.geoplatform.gov/metadata/f20bf103-12bd-4a52-9fff-cecb60fde1ba,DOC-NOAA,U.S. Department of Commerce,National Oceanic and Atmospheric Administration,79
103,Imagery,Landsat 7 Enhanced Thematic Mapper Plus Collection 2 Level-1,https://catalog.data.gov/dataset/landsat-7-enhanced-thematic-mapper-plus-collection-2-level-1,https://www.geoplatform.gov/metadata/e2be40c6-dbbb-450e-a999-467fd859ac5c,DOI-USGS,U.S. Department of the Interior,U.S. Geological Survey,80
104,Imagery,Landsat 1-5 Multi-Spectral Scanner Collection 2 Level-1,https://catalog.data.gov/dataset/landsat-1-5-multi-spectral-scanner-collection-2-level-1,https://www.geoplatform.gov/metadata/c712a687-ecd7-4155-9375-48fe0bd86221,DOI-USGS,U.S. Department of the Interior,U.S. Geological Survey,81
105,Imagery,Landsat 4-5 Thematic Mapper Collection 2 Level-1,https://catalog.data.gov/dataset/landsat-4-5-thematic-mapper-collection-2-level-1,https://www.geoplatform.gov/metadata/4e7f0f70-1812-4727-9145-6cf2aaaf992a,DOI-USGS,U.S. Department of the Interior,U.S. Geological Survey,82
106,Imagery,National Agriculture Imagery Program (NAIP) Imagery,https://geoplatform.maps.arcgis.com/sharing/rest/content/items/54a52cd2695b4e92acb218e68b3a5bb6/data  ,https://geoplatform.maps.arcgis.com/sharing/rest/content/items/54a52cd2695b4e92acb218e68b3a5bb6/data,USDA-FPAC-BC,U.S. Department of Agriculture,Farm Production and Conservation Business Center,83
187,Imagery,High Resolution Orthoimagery Collection - Historical,https://catalog.data.gov/dataset/high-resolution-orthoimagery-orthorectified-metro-areas-2000-2016,https://www.geoplatform.gov/metadata/fe78c10b-8201-4f5f-b510-ce7a679f61df,DOI-USGS,U.S. Department of the Interior,U.S. Geological Survey,84
191,Imagery,Landsat 8-9 Operational Land Imager and Thermal Infrared Sensor Collection 2 Level-1,https://catalog.data.gov/dataset/landsat-8-9-operational-land-imager-and-thermal-infrared-sensor-collection-2-level-1,https://www.geoplatform.gov/metadata/cb10e69b-f79c-4070-9586-e17ffaab0fb2,DOI-USGS,U.S. Department of the Interior,U.S. Geological Survey,85
194,International Boundaries,Large Scale International Boundaries,https://catalog.data.gov/dataset/large-scale-international-boundaries,https://www.geoplatform.gov/metadata/8126e992-e3e9-4db3-b66d-90c40bdbd82c,DOS,U.S. Department of State,,86
107,Land Use - Land Cover,Coastal Change Analysis Program (C-CAP) High Resolution Land Cover and Change Data,https://catalog.data.gov/dataset/coastal-change-analysis-program-c-cap-high-resolution-land-cover-and-change-data1,https://www.geoplatform.gov/metadata/47fdc54f-f8e0-48f2-a4fc-23514c2e8634,DOC-NOAA,U.S. Department of Commerce,National Oceanic and Atmospheric Administration,87
108,Land Use - Land Cover,Coastal Change Analysis Program (C-CAP) Regional Land Cover Data and Change Data,https://catalog.data.gov/dataset/coastal-change-analysis-program-c-cap-regional-land-cover-data-and-change-data2,https://www.geoplatform.gov/metadata/0e2a8061-cc80-41dd-833e-4dc34e40dc6c,DOC-NOAA,U.S. Department of Commerce,National Oceanic and Atmospheric Administration,88
109,Land Use - Land Cover,Cropland Data Layer,https://catalog.data.gov/dataset/cropscape-cropland-data-layer,https://www.geoplatform.gov/metadata/aad47d2f-b478-443f-b242-0e7d39a6b0f8,USDA-NASS,U.S. Department of Agriculture,National Agricultural Statistics Service,89
110,Land Use - Land Cover,Forest Inventory and Analysis Database,https://catalog.data.gov/dataset/forest-inventory-and-analysis-database-a9cd7,https://www.geoplatform.gov/metadata/e168cd62-4f70-464e-939a-c13b9c8cb5c9,USDA-USFS,U.S. Department of Agriculture,U.S. Forest Service,90
111,Land Use - Land Cover,LANDFIRE Environmental Site Potential,https://catalog.data.gov/dataset/landfire-us-140esp-ngda,https://www.geoplatform.gov/metadata/9fec1810-2ec6-49a0-bc08-e0b219e1e54a,USDA-USFS,U.S. Department of Agriculture,U.S. Forest Service,91
112,Land Use - Land Cover,LANDFIRE Existing Vegetation Cover,https://catalog.data.gov/dataset/landfire-us-140evc-ngda,https://www.geoplatform.gov/metadata/6ee21e1f-aaad-498b-97e2-e273bb33c5f0,USDA-USFS,U.S. Department of Agriculture,U.S. Forest Service,92
113,Land Use - Land Cover,LANDFIRE Fire Regime Groups,https://catalog.data.gov/dataset/landfire-us-140frg-ngda,https://www.geoplatform.gov/metadata/6cbd00f5-5aa8-4202-ab96-48acc11a1060,USDA-USFS,U.S. Department of Agriculture,U.S. Forest Service,93
116,Land Use - Land Cover,Monitoring Trends in Burn Severity Conterminous United States,https://catalog.data.gov/dataset/monitoring-trends-in-burn-severity-conterminous-united-states-map-service-e4702,https://www.geoplatform.gov/metadata/d81ba234-cfe8-4150-83f4-c1024c03ad78,USDA-USFS,U.S. Department of Agriculture,U.S. Forest Service,94
117,Land Use - Land Cover,National Land Cover Database (NLCD) Land Cover Products,https://catalog.data.gov/dataset/national-land-cover-database-nlcd-2021-products,https://www.geoplatform.gov/metadata/c05a12d0-7cce-47c9-b73c-2fabed374d4b,DOI-USGS,U.S. Department of the Interior,U.S. Geological Survey,95
118,Land Use - Land Cover,National Land Cover Database (NLCD) Impervious Products,https://catalog.data.gov/dataset/national-land-cover-database-nlcd-2021-impervious-products,https://www.geoplatform.gov/metadata/f40cdb65-3bba-47b5-8c39-8b3073171d31,DOI-USGS,U.S. Department of the Interior,U.S. Geological Survey,96
119,Land Use - Land Cover,National Land Cover Database (NLCD) Tree Canopy Cover Products,https://catalog.data.gov/dataset/national-land-cover-database-nlcd-2021-land-cover-science-products,https://www.geoplatform.gov/metadata/ef2163b3-ee5c-4e2e-bf84-ed066670c569,DOI-USGS,U.S. Department of the Interior,U.S. Geological Survey,97
120,Land Use - Land Cover,North American Land Change Monitoring System (NALCMS) Collection,https://catalog.data.gov/dataset/north-american-land-change-monitoring-system-nalcms-collection,https://www.geoplatform.gov/metadata/c4797d18-cf6a-4d9e-aa35-8464e2eab841,DOI-USGS,U.S. Department of the Interior,U.S. Geological Survey,98
192,Land Use - Land Cover,LANDFIRE Forest Canopy Cover,https://catalog.data.gov/dataset/landfire-us-140cc-ngda,https://www.geoplatform.gov/metadata/849facec-fc6d-4eb8-bceb-4c0952fcdb84,USDA-USFS,U.S. Department of Agriculture,U.S. Forest Service,99
121,Real Property,Assisted Housing - Housing Choice Vouchers by Tract - National Geospatial Data Asset (NGDA),https://geoplatform.maps.arcgis.com/sharing/rest/content/items/54a52cd2695b4e92acb218e68b3a5bb6/data,https://geoplatform.maps.arcgis.com/sharing/rest/content/items/54a52cd2695b4e92acb218e68b3a5bb6/data,HUD,U.S.Department of Housing and Urban Development,,100
122,Real Property,Fair Market Rents (Fair Market Rents For The Section 8 Housing Assistance Payments Program) - National Geospatial Data Asset (NGDA),https://geoplatform.maps.arcgis.com/sharing/rest/content/items/54a52cd2695b4e92acb218e68b3a5bb6/data,https://geoplatform.maps.arcgis.com/sharing/rest/content/items/54a52cd2695b4e92acb218e68b3a5bb6/data,HUD,U.S.Department of Housing and Urban Development,,101
123,Real Property,HUD Insured Multifamily Properties - National Geospatial Data Asset (NGDA),https://geoplatform.maps.arcgis.com/sharing/rest/content/items/54a52cd2695b4e92acb218e68b3a5bb6/data,https://geoplatform.maps.arcgis.com/sharing/rest/content/items/54a52cd2695b4e92acb218e68b3a5bb6/data,HUD,U.S.Department of Housing and Urban Development,,102
124,Real Property,FHA Insured Single Family Properties In Force by Census Tract - National Geospatial Data Asset (NGDA),https://catalog.data.gov/dataset/fha-insured-single-family-properties-in-force-by-census-tract-national-geospatial-data-ass,https://geoplatform.maps.arcgis.com/sharing/rest/content/items/54a52cd2695b4e92acb218e68b3a5bb6/data,HUD,U.S.Department of Housing and Urban Development,,103
126,Real Property,Sustainable Communities Regional Planning Grantees - National Geospatial Data Asset (NGDA),https://catalog.data.gov/dataset/sustainable-communities-regional-planning-grantees-national-geospatial-data-asset-ngda,https://geoplatform.maps.arcgis.com/sharing/rest/content/items/54a52cd2695b4e92acb218e68b3a5bb6/data,HUD,U.S.Department of Housing and Urban Development,,104
128,Real Property,FHA Single Family REO Properties for Sale - National Geospatial Data Asset (NGDA),https://geoplatform.maps.arcgis.com/sharing/rest/content/items/54a52cd2695b4e92acb218e68b3a5bb6/data,https://geoplatform.maps.arcgis.com/sharing/rest/content/items/54a52cd2695b4e92acb218e68b3a5bb6/data,HUD,U.S.Department of Housing and Urban Development,,105
129,Real Property,Assisted Housing - Public Housing Authorities - National Geospatial Data Asset (NGDA),https://geoplatform.maps.arcgis.com/sharing/rest/content/items/54a52cd2695b4e92acb218e68b3a5bb6/data,https://geoplatform.maps.arcgis.com/sharing/rest/content/items/54a52cd2695b4e92acb218e68b3a5bb6/data,HUD,U.S.Department of Housing and Urban Development,,106
130,Real Property,Assisted Housing - Public Housing Buildings - National Geospatial Data Asset (NGDA,https://catalog.data.gov/dataset/assisted-housing-public-housing-buildings-national-geospatial-data-asset-ngda,https://geoplatform.maps.arcgis.com/sharing/rest/content/items/54a52cd2695b4e92acb218e68b3a5bb6/data,HUD,U.S.Department of Housing and Urban Development,,107
131,Real Property,Assisted Housing - Public Housing Developments - National Geospatial Data Asset (NGDA),https://catalog.data.gov/dataset/assisted-housing-public-housing-developments-national-geospatial-data-asset-ngda,https://geoplatform.maps.arcgis.com/sharing/rest/content/items/54a52cd2695b4e92acb218e68b3a5bb6/data,HUD,U.S.Department of Housing and Urban Development,,108
132,Real Property,Assisted Housing - Low Income Housing Tax Credit Properties - National Geospatial Data Asset (NGDA),https://geoplatform.maps.arcgis.com/sharing/rest/content/items/54a52cd2695b4e92acb218e68b3a5bb6/data,https://geoplatform.maps.arcgis.com/sharing/rest/content/items/54a52cd2695b4e92acb218e68b3a5bb6/data,HUD,U.S.Department of Housing and Urban Development,,109
133,Real Property,Inventory of Owned and Leased Properties (IOLP),https://catalog.data.gov/dataset/inventory-of-owned-and-leased-properties-iolp,https://www.geoplatform.gov/metadata/a100d80b-ef55-432a-b9a9-ec0317e18687,GSA,General Services Administration,,110
134,Real Property,"Military Installations, Ranges, and Training Areas",https://catalog.data.gov/dataset/military-installations-ranges-and-training-areas,https://geoplatform.maps.arcgis.com/sharing/rest/content/items/54a52cd2695b4e92acb218e68b3a5bb6/data,DOD-A&S,U.S. Department of Defense,Acquisition & Sustainment,111
135,Real Property,USGS National Structures Dataset - USGS National Map Downloadable Data Collection,https://catalog.data.gov/dataset/usgs-national-structures-dataset-usgs-national-map-downloadable-data-collection,https://www.geoplatform.gov/metadata/89c5288d-683c-4dc2-8bc3-9566a23bbaf5,DOI-USGS,U.S. Department of the Interior,U.S. Geological Survey,112
183,Real Property,Assisted Housing - Multifamily Properties (Assisted) – National Geospatial Data Asset (NGDA),https://catalog.data.gov/dataset/assisted-housing-multifamily-properties-assisted-national-geospatial-data-asset-ngda,https://geoplatform.maps.arcgis.com/sharing/rest/content/items/54a52cd2695b4e92acb218e68b3a5bb6/data,HUD,U.S.Department of Housing and Urban Development,,113
203,Real Property,Federal Real Property Profile (FRPP),https://catalog.data.gov/dataset/federal-real-property-profile-frpp-6c5ce,https://www.geoplatform.gov/metadata/73eca98e-e7d1-407d-ab0c-c05491bac6c5,GSA,General Services Administration,,114
137,Soils,Major Land Resource Areas (MLRA),https://catalog.data.gov/dataset/major-land-resource-areas-mlra,https://www.geoplatform.gov/metadata/d990a610-22ff-4d92-bf9b-8319547abcfb,USDA-NRCS,U.S. Department of Agriculture,Natural Resources Conservation Service,115
138,Soils,Soil Survey Geographic Database (SSURGO),https://catalog.data.gov/dataset/soil-survey-geographic-database-ssurgo,https://www.geoplatform.gov/metadata/3f360bcd-df4a-4ca2-b65d-9fbbfc39aafa,USDA-NRCS,U.S. Department of Agriculture,Natural Resources Conservation Service,116
139,Soils,U.S. General Soil Map (STATSGO2),https://catalog.data.gov/dataset/u-s-general-soil-map-statsgo2,https://www.geoplatform.gov/metadata/83e14d8b-c8e0-4939-af86-b14a0c640998,USDA-NRCS,U.S. Department of Agriculture,Natural Resources Conservation Service,117
140,Soils,NCSS Soil Characterization Database,https://catalog.data.gov/dataset/ncss-soil-characterization-database,https://www.geoplatform.gov/metadata/42159a84-d557-410c-aec2-1760b345265a,USDA-NRCS,U.S. Department of Agriculture,Natural Resources Conservation Service,118
141,Transportation,Airports (National) - National Geospatial Data Asset (NGDA) Airports,https://geoplatform.maps.arcgis.com/sharing/rest/content/items/54a52cd2695b4e92acb218e68b3a5bb6/data,https://geoplatform.maps.arcgis.com/sharing/rest/content/items/54a52cd2695b4e92acb218e68b3a5bb6/data,DOT-FAA,U.S. Department of Transportation,Federal Aviation Administration,119
142,Transportation,National Bridge Inventory,https://catalog.data.gov/dataset/national-bridge-inventory1,https://www.geoplatform.gov/metadata/bf9a56d1-2109-42d1-a50d-87301ce3b5c6,DOT-FHA,U.S. Department of Transportation,Federal Highway Administration,120
143,Transportation,Freight Intermodal Facility (National) - National Geospatial Data Asset (NGDA) Intermodal (Freight),https://geoplatform.maps.arcgis.com/sharing/rest/content/items/54a52cd2695b4e92acb218e68b3a5bb6/data,https://geoplatform.maps.arcgis.com/sharing/rest/content/items/54a52cd2695b4e92acb218e68b3a5bb6/data,DOT-BTS,U.S. Department of Transportation,Bureau of Transportation Statistics,121
144,Transportation,Intermodal Passenger Connectivity Database (IPCD),https://catalog.data.gov/dataset/intermodal-passenger-connectivity-database,https://www.geoplatform.gov/metadata/ebad5e34-30fc-4284-b0c5-5c448046f894,DOT-BTS,U.S. Department of Transportation,Bureau of Transportation Statistics,122
145,Transportation,North American Rail Network Lines ,https://catalog.data.gov/dataset/north-american-rail-network-lines3,https://www.geoplatform.gov/metadata/e142d4d1-a547-4df1-a52c-53c33484c905,DOT-FRA,U.S. Department of Transportation,Federal Railroad Administration,123
146,Transportation,North American Rail Network Nodes,https://catalog.data.gov/dataset/north-american-rail-network-nodes3,https://www.geoplatform.gov/metadata/fad52ec0-52c0-495b-838b-580d42142cb2,DOT-FRA,U.S. Department of Transportation,Federal Railroad Administration,124
147,Transportation,Runway Lines,https://geoplatform.maps.arcgis.com/sharing/rest/content/items/54a52cd2695b4e92acb218e68b3a5bb6/data,https://geoplatform.maps.arcgis.com/sharing/rest/content/items/54a52cd2695b4e92acb218e68b3a5bb6/data,DOT-FAA,U.S. Department of Transportation,Federal Aviation Administration,125
148,Transportation,National Transit Map Routes,https://catalog.data.gov/dataset/national-transit-map-routes1,https://www.geoplatform.gov/metadata/4d3da55e-7d93-4c9a-a6d1-26e3110e3040,DOT-BTS,U.S. Department of Transportation,Bureau of Transportation Statistics,126
149,Transportation,National Transit Map Stops,https://catalog.data.gov/dataset/national-transit-map-stops1,https://www.geoplatform.gov/metadata/91d24d6e-ac24-4d6d-871a-83058cd89b4d,DOT-BTS,U.S. Department of Transportation,Bureau of Transportation Statistics,127
150,Transportation,Inland Electronic Navigational Charts (IENC),https://catalog.data.gov/dataset/inland-electronic-navigational-charts-ienc,https://www.geoplatform.gov/metadata/742af1f8-ea37-41d5-8b19-fb5b70d5fe01,DOD-USACE,U.S. Department of Defense,U.S. Army Corps of Engineers,128
151,Transportation,Waterway Locks (National) - National Geospatial Data Asset (NGDA) Locks,https://catalog.data.gov/dataset/waterway-locks,https://www.geoplatform.gov/metadata/dd493e31-6024-49c9-8e5a-f858acf1f07c,DOD-USACE,U.S. Department of Defense,U.S. Army Corps of Engineers,129
152,Transportation,Ports (National) - National Geospatial Data Asset (NGDA) Ports,https://geoplatform.maps.arcgis.com/sharing/rest/content/items/54a52cd2695b4e92acb218e68b3a5bb6/data,https://geoplatform.maps.arcgis.com/sharing/rest/content/items/54a52cd2695b4e92acb218e68b3a5bb6/data,DOD-USACE,U.S. Department of Defense,U.S. Army Corps of Engineers,130
153,Transportation,Navigable Waterway Routes (National) - National Geospatial Data Asset (NGDA) Waterway Lines,https://geoplatform.maps.arcgis.com/sharing/rest/content/items/54a52cd2695b4e92acb218e68b3a5bb6/data,https://geoplatform.maps.arcgis.com/sharing/rest/content/items/54a52cd2695b4e92acb218e68b3a5bb6/data,DOD-USACE,U.S. Department of Defense,U.S. Army Corps of Engineers,131
154,Transportation,Navigable Waterway Nodes (National) - National Geospatial Data Asset (NGDA) Waterway Nodes,https://geoplatform.maps.arcgis.com/sharing/rest/content/items/54a52cd2695b4e92acb218e68b3a5bb6/data,https://geoplatform.maps.arcgis.com/sharing/rest/content/items/54a52cd2695b4e92acb218e68b3a5bb6/data,DOD-USACE,U.S. Department of Defense,U.S. Army Corps of Engineers,132
155,Transportation,"Series Information for All Roads County-based TIGER/Line Shapefiles, Current",https://catalog.data.gov/dataset/series-information-for-all-roads-county-based-tiger-line-shapefiles-current,https://www.geoplatform.gov/metadata/a5d0d774-7dfe-47c8-a488-904e660090d1,DOC-Census,U.S. Department of Commerce,U.S. Census Bureau,133
53,Utilities,Outer Continental Shelf Oil and Natural Gas Wells - Alaska Region NAD 83,https://catalog.data.gov/dataset/outer-continental-shelf-oil-and-natural-gas-wells-boem-alaska-region,https://www.geoplatform.gov/metadata/915845ce-2a51-4a80-a6c8-6e9b25f3d225,DOI-BOEM,U.S. Department of the Interior,Bureau of Ocean Energy Management,134
54,Utilities,Outer Continental Shelf Oil and Natural Gas Wells - Gulf of Mexico Region NAD 27,https://catalog.data.gov/dataset/outer-continental-shelf-oil-and-natural-gas-wells-gulf-of-mexico-region-nad-27-98935,https://www.geoplatform.gov/metadata/0ad83169-a707-4618-b18d-afc808215c95,DOI-BSEE,U.S. Department of the Interior,Bureau of Safety and Environmental Enforcement,135
55,Utilities,Outer Continental Shelf Oil and Natural Gas Wells - Pacific OCS Region NAD 83,https://catalog.data.gov/dataset/outer-continental-shelf-oil-and-natural-gas-wells-pacific-ocs-region-nad-83-121ab,https://www.geoplatform.gov/metadata/58acfba3-8507-4b99-83e7-a6012e6b54c3,DOI-BOEM,U.S. Department of the Interior,Bureau of Ocean Energy Management,136
157,Utilities,Outer Continental Shelf Oil and Natural Gas Pipelines - Gulf of Mexico Region NAD 27,https://catalog.data.gov/dataset/outer-continental-shelf-oil-and-natural-gas-pipelines-gulf-of-mexico-region-nad-27-902df,https://www.geoplatform.gov/metadata/1765aea9-b854-475e-ae25-ad7e15d8ee46,DOI-BSEE,U.S. Department of the Interior,Bureau of Safety and Environmental Enforcement,137
158,Utilities,Outer Continental Shelf Oil and Natural Gas Platforms - Gulf of Mexico Region NAD 27,https://catalog.data.gov/dataset/outer-continental-shelf-oil-and-natural-gas-platforms-gulf-of-mexico-region-nad-27-85f99,https://www.geoplatform.gov/metadata/18a58ec9-fdfa-4422-9ea5-7fd36d6cb1be,DOI-BSEE,U.S. Department of the Interior,Bureau of Safety and Environmental Enforcement,138
159,Water - Inland,National Hydrography Dataset (NHD) - USGS National Map Downloadable Data Collection,https://catalog.data.gov/dataset/national-hydrography-dataset-nhd-usgs-national-map-downloadable-data-collection,https://www.geoplatform.gov/metadata/03a09036-2cd3-4622-9a46-e9d27c282bf7,DOI-USGS,U.S. Department of the Interior,U.S. Geological Survey,139
160,Water - Inland,National Inventory of Dams,https://geoplatform.maps.arcgis.com/sharing/rest/content/items/54a52cd2695b4e92acb218e68b3a5bb6/data,https://geoplatform.maps.arcgis.com/sharing/rest/content/items/54a52cd2695b4e92acb218e68b3a5bb6/data,DOD-USACE,U.S. Department of Defense,U.S. Army Corps of Engineers,140
161,Water - Inland,National Levee Database,https://geoplatform.maps.arcgis.com/sharing/rest/content/items/54a52cd2695b4e92acb218e68b3a5bb6/data,https://geoplatform.maps.arcgis.com/sharing/rest/content/items/54a52cd2695b4e92acb218e68b3a5bb6/data,DOD-USACE,U.S. Department of Defense,U.S. Army Corps of Engineers,141
162,Water - Inland,USFWS National Wetlands Inventory,https://catalog.data.gov/dataset/usfws-national-wetlands-inventory,https://www.geoplatform.gov/metadata/f9d10850-3dbd-440d-99cc-a6ee0832cbd4,DOI-FWS,U.S. Department of the Interior,U.S. Fish and Wildlife Service,142
163,Water - Inland,Watershed Boundary Dataset (WBD) - USGS National Map Downloadable Data Collection,https://catalog.data.gov/dataset/watershed-boundary-dataset-wbd-usgs-national-map-downloadable-data-collection,https://www.geoplatform.gov/metadata/81368acc-86ad-46a5-832f-705563a42749,DOI-USGS,U.S. Department of the Interior,U.S. Geological Survey,143
164,Water - Oceans and Coasts,NOAA Coastal Mapping Shoreline Products,https://catalog.data.gov/dataset/noaa-coastal-mapping-shoreline-products,https://www.geoplatform.gov/metadata/e6ab084f-80e4-4f44-8628-61e577654083,DOC-NOAA,U.S. Department of Commerce,National Oceanic and Atmospheric Administration,144
165,Water - Oceans and Coasts,NOAA Electronic Navigational Charts (ENC),https://catalog.data.gov/dataset/noaa-electronic-navigational-charts-enc1,https://www.geoplatform.gov/metadata/5060a0ac-4c06-467e-a4f5-13f111d4174e,DOC-NOAA,U.S. Department of Commerce,National Oceanic and Atmospheric Administration,145
166,Water - Oceans and Coasts,NOAA Raster Navigational Charts (RNC),https://catalog.data.gov/dataset/noaa-raster-navigational-charts-rnc1,https://www.geoplatform.gov/metadata/9b4d2004-ed83-4acd-b1b9-1d6d63d77a69,DOC-NOAA,U.S. Department of Commerce,National Oceanic and Atmospheric Administration,146
167,Water - Oceans and Coasts,Maritime Limits and Boundaries of the United States of America,https://catalog.data.gov/dataset/maritime-limits-and-boundaries-of-united-states-of-america1,https://www.geoplatform.gov/metadata/7bf56c8c-48b8-46a0-9250-42d3ff6c0d98,DOC-NOAA,U.S. Department of Commerce,National Oceanic and Atmospheric Administration,147
168,Water - Oceans and Coasts,Tides and Currents Map: an interactive map of all CO-OPS stations,https://catalog.data.gov/dataset/tides-and-currents-map-an-interactive-map-of-all-co-ops-stations1,https://www.geoplatform.gov/metadata/67019eec-e817-47ab-a904-510c97bb92a7,DOC-NOAA,U.S. Department of Commerce,National Oceanic and Atmospheric Administration,148
178,Water - Oceans and Coasts,Sea Level Trends: Sea Level Variations of the United States Derived from National Water Level Observation Network Stations,https://catalog.data.gov/dataset/sea-level-trends-sea-level-variations-of-the-united-states-derived-from-national-water-level-ob1,https://www.geoplatform.gov/metadata/2724794e-3e54-4591-a682-4646f0c70150,DOC-NOAA,U.S. Department of Commerce,National Oceanic and Atmospheric Administration,149
179,Water - Oceans and Coasts,Marine Protected Areas (MPA) Inventory 2023-2024,https://catalog.data.gov/dataset/marine-protected-areas-mpa-inventory-2023-20241,https://www.geoplatform.gov/metadata/0aba941c-021b-4e58-bebb-775dcbca8d90,DOC-NOAA,U.S. Department of Commerce,National Oceanic and Atmospheric Administration,150
